addresstype,city,dt,summary,temp_min,temp_max,temp_day,feels_like_day,feels_like_night,feels_like_eve,feels_like_morn,humidity,clouds,pop,rain,uvi,wind_speed
city,Amiens,2024-06-21 13:00:00,Expect a day of partly cloudy with rain,12.63,20.81,18.08,17.95,12.38,19.31,14.28,77,86,0.83,4.42,6.45,4.94
city,Amiens,2024-06-22 13:00:00,Expect a day of partly cloudy with rain,11.7,18.07,17.05,16.95,11.41,16.69,13.09,82,99,1.0,4.85,6.54,6.75
city,Amiens,2024-06-23 13:00:00,Expect a day of partly cloudy with rain,10.66,21.93,20.95,20.82,14.38,20.77,11.82,66,19,0.2,0.1,8.31,3.9
city,Amiens,2024-06-24 13:00:00,Expect a day of partly cloudy with clear spells,11.84,23.81,22.7,22.72,17.52,21.95,12.88,65,5,0.0,,8.25,3.57
city,Amiens,2024-06-25 13:00:00,Expect a day of partly cloudy with rain,14.6,25.56,24.81,24.99,18.56,22.68,17.01,63,0,0.2,0.11,7.08,3.1
city,Amiens,2024-06-26 13:00:00,Expect a day of partly cloudy with rain,14.8,24.58,24.58,24.95,14.69,19.15,19.32,71,19,1.0,13.02,8.0,6.45
city,Amiens,2024-06-27 13:00:00,"You can expect partly cloudy in the morning, with rain in the afternoon",12.94,19.01,19.01,18.56,12.74,16.97,14.71,61,76,1.0,2.07,8.0,6.55
city,Amiens,2024-06-28 13:00:00,Expect a day of partly cloudy with rain,10.27,19.04,19.04,18.7,12.96,17.9,11.6,65,89,0.76,0.36,8.0,3.58
city,Annecy,2024-06-21 13:00:00,Expect a day of partly cloudy with rain,13.49,20.25,20.25,20.42,13.45,18.49,17.71,80,39,1.0,23.9,7.18,3.07
city,Annecy,2024-06-22 13:00:00,Expect a day of partly cloudy with rain,11.69,18.64,15.31,15.43,13.08,17.33,13.09,97,100,1.0,7.9,5.52,2.13
city,Annecy,2024-06-23 13:00:00,Expect a day of partly cloudy with rain,11.85,18.61,15.39,15.18,13.79,18.21,11.76,84,99,1.0,10.29,8.26,4.44
city,Annecy,2024-06-24 13:00:00,There will be partly cloudy today,11.91,21.72,20.95,20.82,16.56,20.44,13.66,66,85,0.0,,9.12,2.14
city,Annecy,2024-06-25 13:00:00,Expect a day of partly cloudy with rain,15.33,23.16,23.16,23.25,16.41,21.1,16.16,66,84,1.0,3.42,8.91,1.73
city,Annecy,2024-06-26 13:00:00,Expect a day of partly cloudy with rain,15.03,22.67,22.67,22.82,16.82,19.13,17.41,70,94,1.0,11.43,9.0,3.03
city,Annecy,2024-06-27 13:00:00,Expect a day of partly cloudy with rain,12.7,16.56,15.59,15.48,12.43,15.56,15.23,87,99,1.0,19.08,9.0,1.44
city,Annecy,2024-06-28 13:00:00,Expect a day of partly cloudy with rain,11.22,16.78,16.78,16.13,10.9,12.86,11.23,62,96,1.0,2.46,9.0,2.79
city,Avignon,2024-06-21 13:00:00,Expect a day of partly cloudy with rain,19.43,28.56,24.3,24.51,19.63,26.22,20.78,66,63,1.0,3.24,7.2,5.98
city,Avignon,2024-06-22 13:00:00,Expect a day of partly cloudy with rain,16.12,26.92,25.59,25.28,16.16,22.06,16.61,41,22,1.0,1.92,7.79,7.74
city,Avignon,2024-06-23 13:00:00,Expect a day of partly cloudy with rain,15.15,22.35,22.35,21.87,19.04,19.57,14.94,47,31,1.0,1.9,8.68,12.27
city,Avignon,2024-06-24 13:00:00,Expect a day of partly cloudy with clear spells,16.75,26.67,25.25,25.11,19.77,24.97,16.91,49,53,0.0,,9.05,7.53
city,Avignon,2024-06-25 13:00:00,"You can expect partly cloudy in the morning, with clearing in the afternoon",17.38,28.37,28.37,28.07,19.92,24.05,19.57,41,72,0.0,,9.01,6.21
city,Avignon,2024-06-26 13:00:00,Expect a day of partly cloudy with rain,18.79,26.03,24.91,25.13,21.01,24.36,20.75,64,98,0.78,2.25,10.0,4.43
city,Avignon,2024-06-27 13:00:00,"There will be rain until morning, then partly cloudy",17.24,22.85,22.51,22.15,16.69,20.51,18.54,51,100,0.55,,10.0,9.25
city,Avignon,2024-06-28 13:00:00,There will be partly cloudy today,13.81,21.66,20.52,19.88,14.78,19.29,14.63,48,53,0.0,,10.0,8.36
town,Bayeux,2024-06-21 14:00:00,Expect a day of partly cloudy with clear spells,13.28,20.39,19.56,19.24,13.01,16.31,15.48,64,14,0.05,,7.15,6.2
town,Bayeux,2024-06-22 14:00:00,Expect a day of partly cloudy with rain,11.73,17.76,17.62,17.08,11.41,16.13,13.27,63,41,1.0,3.15,6.58,6.81
town,Bayeux,2024-06-23 14:00:00,There will be clear sky today,10.05,19.32,19.16,18.78,12.06,16.59,12.59,63,2,0.0,,8.29,3.8
town,Bayeux,2024-06-24 14:00:00,There will be clear sky today,10.81,20.54,20.54,20.29,14.71,17.67,13.54,63,6,0.0,,8.21,3.47
town,Bayeux,2024-06-25 14:00:00,There will be clear sky today,14.4,22.33,22.33,22.42,15.92,19.34,17.13,69,0,0.0,,6.9,4.58
town,Bayeux,2024-06-26 14:00:00,Expect a day of partly cloudy with rain,14.27,20.86,20.86,20.99,14.23,15.11,17.31,76,99,1.0,6.93,7.0,9.02
town,Bayeux,2024-06-27 14:00:00,Expect a day of partly cloudy with rain,12.23,16.8,16.37,16.13,11.86,14.31,12.72,79,93,0.76,1.71,7.0,8.12
town,Bayeux,2024-06-28 14:00:00,There will be partly cloudy today,12.74,17.9,17.53,17.06,12.49,16.41,13.42,66,84,0.0,,7.0,4.78
town,Bayonne,2024-06-21 14:00:00,Expect a day of partly cloudy with rain,15.7,19.52,17.82,18.01,15.6,18.41,17.01,90,88,1.0,8.03,7.56,7.69
town,Bayonne,2024-06-22 14:00:00,"You can expect partly cloudy in the morning, with rain in the afternoon",14.51,19.85,19.25,19.11,16.72,17.59,16.33,72,100,1.0,0.63,7.12,5.09
town,Bayonne,2024-06-23 14:00:00,Expect a day of partly cloudy with rain,16.3,19.98,19.54,19.61,16.18,19.01,17.47,79,93,1.0,4.3,6.22,4.11
town,Bayonne,2024-06-24 14:00:00,There will be clear sky today,13.33,23.35,23.35,23.23,18.03,21.84,14.37,57,0,0.0,,9.03,2.99
town,Bayonne,2024-06-25 14:00:00,Expect a day of partly cloudy with rain,15.8,21.85,21.85,21.97,19.11,19.86,16.99,72,6,1.0,1.33,7.87,5.11
town,Bayonne,2024-06-26 14:00:00,"You can expect rain in the morning, with clearing in the afternoon",15.73,19.28,18.9,18.91,15.5,18.37,17.37,79,90,1.0,7.15,8.0,6.2
town,Bayonne,2024-06-27 14:00:00,Expect a day of partly cloudy with rain,14.83,18.03,17.2,16.75,15.0,16.5,14.74,68,81,1.0,8.16,8.0,6.84
town,Bayonne,2024-06-28 14:00:00,"You can expect rain in the morning, with partly cloudy in the afternoon",15.03,19.11,18.9,18.62,14.76,17.83,15.36,68,86,1.0,4.74,8.0,6.06
town,Biarritz,2024-06-21 14:00:00,Expect a day of partly cloudy with rain,16.52,19.24,17.86,17.97,16.49,18.34,17.09,87,93,1.0,8.3,7.74,9.2
town,Biarritz,2024-06-22 14:00:00,"You can expect partly cloudy in the morning, with rain in the afternoon",15.56,19.32,19.16,19.01,17.34,18.01,16.7,72,100,1.0,0.66,6.45,5.61
town,Biarritz,2024-06-23 14:00:00,Expect a day of partly cloudy with rain,17.32,19.5,18.94,19.0,17.2,18.99,17.92,81,94,1.0,5.06,7.56,4.15
town,Biarritz,2024-06-24 14:00:00,There will be clear sky today,14.59,22.01,22.01,21.89,18.65,21.0,15.04,62,0,0.0,,8.9,4.05
town,Biarritz,2024-06-25 14:00:00,Expect a day of partly cloudy with rain,16.66,20.84,20.66,20.77,19.33,19.89,17.36,76,6,1.0,1.04,6.46,6.4
town,Biarritz,2024-06-26 14:00:00,"You can expect rain in the morning, with clearing in the afternoon",16.82,19.02,18.87,18.85,16.59,18.4,17.8,78,89,1.0,7.75,7.0,7.45
town,Biarritz,2024-06-27 14:00:00,Expect a day of partly cloudy with rain,15.22,18.11,17.34,16.85,15.94,16.85,15.1,66,83,1.0,8.13,7.0,7.78
town,Biarritz,2024-06-28 14:00:00,Expect a day of partly cloudy with rain,15.79,18.88,18.58,18.27,15.94,17.91,16.12,68,84,1.0,4.77,7.0,7.02
town,Briançon,2024-06-21 13:00:00,Expect a day of partly cloudy with rain,6.9,14.87,12.58,12.3,5.49,12.66,11.54,92,100,1.0,23.95,8.58,3.0
town,Briançon,2024-06-22 13:00:00,Expect a day of partly cloudy with rain,5.31,16.44,16.44,15.39,6.92,11.79,4.98,48,66,1.0,2.06,8.02,3.08
town,Briançon,2024-06-23 13:00:00,Expect a day of rain with snow,3.9,7.99,5.07,3.06,3.52,2.29,1.08,97,100,1.0,16.57,8.78,3.48
town,Briançon,2024-06-24 13:00:00,Expect a day of partly cloudy with rain,3.13,11.11,8.85,7.45,6.46,8.1,3.21,91,86,1.0,2.89,10.04,2.76
town,Briançon,2024-06-25 13:00:00,"You can expect partly cloudy in the morning, with rain in the afternoon",5.18,15.33,15.33,14.59,9.42,12.2,9.09,64,62,1.0,4.29,10.29,1.69
town,Briançon,2024-06-26 13:00:00,Expect a day of partly cloudy with rain,8.97,15.43,15.2,14.42,10.59,12.46,10.03,63,97,1.0,3.48,11.0,2.56
town,Briançon,2024-06-27 13:00:00,There will be rain today,5.75,16.79,16.79,15.57,3.61,9.43,10.2,40,62,1.0,10.47,11.0,2.97
town,Briançon,2024-06-28 13:00:00,Expect a day of partly cloudy with rain,4.63,10.94,10.41,9.05,2.03,6.03,3.47,59,99,1.0,0.87,11.0,3.79
town,Carcassonne,2024-06-21 13:00:00,Expect a day of partly cloudy with rain,15.27,23.31,19.84,19.66,16.98,22.0,16.22,68,62,1.0,0.35,4.82,8.73
town,Carcassonne,2024-06-22 13:00:00,Expect a day of partly cloudy with rain,13.41,21.96,21.1,20.78,16.04,18.92,13.6,58,56,0.73,0.53,6.05,8.58
town,Carcassonne,2024-06-23 13:00:00,Expect a day of partly cloudy with rain,14.42,23.65,20.87,20.53,16.31,22.08,14.58,58,43,1.0,3.49,5.11,8.97
town,Carcassonne,2024-06-24 13:00:00,There will be clear sky today,13.37,27.06,26.24,26.24,18.84,25.33,13.46,41,0,0.0,,9.23,4.97
town,Carcassonne,2024-06-25 13:00:00,"You can expect clear sky in the morning, with partly cloudy in the afternoon",16.35,30.33,29.37,28.71,21.21,26.56,18.55,37,0,0.0,,9.03,4.4
town,Carcassonne,2024-06-26 13:00:00,Expect a day of partly cloudy with rain,16.18,19.62,18.41,18.71,16.2,16.7,18.69,92,100,1.0,14.82,10.0,6.02
town,Carcassonne,2024-06-27 13:00:00,Expect a day of partly cloudy with rain,13.98,18.66,13.98,13.76,13.68,17.29,14.13,89,75,0.6,1.14,10.0,8.76
town,Carcassonne,2024-06-28 13:00:00,Expect a day of partly cloudy with rain,11.75,21.92,20.94,20.4,14.38,18.24,12.95,50,55,0.36,0.51,10.0,10.0
village,Cassis,2024-06-21 13:00:00,Expect a day of partly cloudy with rain,20.0,23.03,21.36,21.48,22.04,22.27,20.86,74,6,1.0,1.04,7.4,8.7
village,Cassis,2024-06-22 13:00:00,"The day will start with clear sky through the late morning hours, transitioning to partly cloudy",18.84,24.05,22.96,22.67,19.35,22.49,18.58,52,24,0.0,,7.96,11.21
village,Cassis,2024-06-23 13:00:00,Expect a day of partly cloudy with rain,15.93,21.25,20.91,20.41,15.77,16.26,17.15,52,30,1.0,3.39,8.59,14.94
village,Cassis,2024-06-24 13:00:00,Expect a day of partly cloudy with clear spells,16.05,21.08,21.08,20.76,19.44,20.4,16.69,58,28,0.84,,8.9,3.16
village,Cassis,2024-06-25 13:00:00,"You can expect partly cloudy in the morning, with clearing in the afternoon",19.07,21.22,21.22,21.07,19.98,20.88,19.44,64,100,0.0,,9.09,3.21
village,Cassis,2024-06-26 13:00:00,"There will be clear sky until morning, then partly cloudy",19.05,21.93,21.93,22.14,20.84,21.19,19.86,75,96,0.0,,10.0,5.52
village,Cassis,2024-06-27 13:00:00,Expect a day of partly cloudy with rain,19.09,22.22,22.1,21.78,19.04,19.9,19.4,54,100,0.2,0.15,10.0,11.26
village,Cassis,2024-06-28 13:00:00,Expect a day of partly cloudy with clear spells,15.98,21.52,20.94,20.37,17.77,20.01,15.15,49,5,0.0,,10.0,13.03
village,Collioure,2024-06-21 13:00:00,Expect a day of partly cloudy with rain,16.9,24.91,23.91,23.69,19.89,24.45,19.16,51,55,0.62,0.65,7.16,4.65
village,Collioure,2024-06-22 13:00:00,There will be partly cloudy today,16.95,25.74,25.58,25.45,18.91,22.39,17.27,48,24,0.2,,8.13,5.53
village,Collioure,2024-06-23 13:00:00,Expect a day of partly cloudy with rain,17.65,25.78,22.39,22.15,19.53,23.79,17.65,56,7,1.0,1.64,8.86,11.31
village,Collioure,2024-06-24 13:00:00,"You can expect partly cloudy in the morning, with clearing in the afternoon",17.72,24.97,24.97,24.75,20.42,24.1,18.38,47,54,0.0,,9.13,6.56
village,Collioure,2024-06-25 13:00:00,Expect a day of partly cloudy with rain,18.84,26.13,23.46,23.66,21.25,23.59,20.7,69,28,0.81,0.89,8.83,3.28
village,Collioure,2024-06-26 13:00:00,"There will be partly cloudy until morning, then rain",17.59,21.21,21.21,21.58,18.14,17.83,20.38,84,100,1.0,13.11,9.0,4.09
village,Collioure,2024-06-27 13:00:00,Expect a day of partly cloudy with rain,16.59,20.07,20.07,19.75,17.19,17.89,16.39,62,100,1.0,1.44,9.0,8.28
village,Collioure,2024-06-28 13:00:00,Expect a day of partly cloudy with clear spells,14.76,24.33,24.33,23.78,17.72,20.61,14.91,37,31,0.0,,9.0,6.58
town,Colmar,2024-06-21 13:00:00,Expect a day of partly cloudy with rain,15.65,23.03,19.59,19.95,15.73,19.54,18.37,90,100,1.0,14.93,5.98,3.83
town,Colmar,2024-06-22 13:00:00,Expect a day of partly cloudy with rain,13.45,17.92,15.03,14.94,13.33,17.02,14.94,90,100,1.0,5.84,2.86,2.39
town,Colmar,2024-06-23 13:00:00,Expect a day of partly cloudy with rain,11.28,21.77,20.54,20.27,15.49,19.89,12.38,62,48,1.0,0.48,7.92,5.6
town,Colmar,2024-06-24 13:00:00,"You can expect partly cloudy in the morning, with rain in the afternoon",13.74,23.79,23.59,23.7,17.27,20.87,15.44,65,40,1.0,2.38,8.83,5.7
town,Colmar,2024-06-25 13:00:00,Expect a day of partly cloudy with rain,16.54,24.17,24.17,24.31,18.35,21.4,17.47,64,89,1.0,3.08,8.49,3.21
town,Colmar,2024-06-26 13:00:00,Expect a day of partly cloudy with rain,16.5,24.4,24.35,24.82,17.89,21.14,19.12,76,67,1.0,13.02,9.0,3.23
town,Colmar,2024-06-27 13:00:00,There will be rain today,13.94,18.35,18.35,18.38,13.9,14.67,16.62,82,100,1.0,9.24,9.0,1.96
town,Colmar,2024-06-28 13:00:00,There will be rain today,12.52,17.04,17.04,16.73,13.42,14.85,13.9,74,99,1.0,3.48,9.0,1.54
city,Dijon,2024-06-21 13:00:00,Expect a day of partly cloudy with rain,14.44,20.28,17.4,17.65,14.37,19.01,17.08,94,99,1.0,11.12,6.24,6.7
city,Dijon,2024-06-22 13:00:00,Expect a day of partly cloudy with rain,13.08,17.62,16.56,16.36,12.85,15.51,13.16,80,95,1.0,5.52,5.06,6.15
city,Dijon,2024-06-23 13:00:00,"You can expect partly cloudy in the morning, with clearing in the afternoon",10.17,20.33,16.28,16.03,15.15,19.12,10.82,79,85,0.4,,6.89,6.96
city,Dijon,2024-06-24 13:00:00,Expect a day of partly cloudy with rain,12.49,23.24,22.43,22.63,17.54,21.1,13.47,73,13,1.0,1.3,8.9,5.23
city,Dijon,2024-06-25 13:00:00,Expect a day of partly cloudy with rain,14.71,23.28,22.89,23.19,18.11,21.94,16.86,75,92,1.0,4.48,8.64,3.09
city,Dijon,2024-06-26 13:00:00,Expect a day of partly cloudy with rain,15.63,23.35,19.7,20.05,16.54,19.12,18.14,89,91,1.0,2.4,9.0,6.12
city,Dijon,2024-06-27 13:00:00,"You can expect partly cloudy in the morning, with rain in the afternoon",11.51,18.81,18.81,18.16,11.12,15.76,13.41,54,97,0.26,0.45,9.0,4.37
city,Dijon,2024-06-28 13:00:00,"There will be rain until morning, then partly cloudy",9.86,15.51,15.51,15.05,10.98,13.0,10.97,74,100,0.0,,9.0,4.13
village,Eguisheim,2024-06-21 13:00:00,Expect a day of partly cloudy with rain,15.33,23.12,19.4,19.69,15.37,19.06,18.07,88,100,1.0,13.39,5.98,3.61
village,Eguisheim,2024-06-22 13:00:00,Expect a day of partly cloudy with rain,13.22,18.06,15.0,14.88,13.08,17.14,14.71,89,100,1.0,5.28,2.86,2.51
village,Eguisheim,2024-06-23 13:00:00,Expect a day of partly cloudy with rain,10.98,21.46,20.19,19.86,15.48,19.54,11.97,61,45,1.0,0.46,7.92,5.54
village,Eguisheim,2024-06-24 13:00:00,Expect a day of partly cloudy with rain,13.63,23.51,23.37,23.46,16.98,20.41,15.37,65,44,1.0,2.47,8.83,5.88
village,Eguisheim,2024-06-25 13:00:00,Expect a day of partly cloudy with rain,16.51,23.76,23.76,23.89,18.04,20.94,17.12,65,90,1.0,3.39,8.49,3.01
village,Eguisheim,2024-06-26 13:00:00,Expect a day of partly cloudy with rain,16.13,24.16,24.16,24.59,17.71,20.96,19.04,75,57,1.0,10.74,9.0,3.5
village,Eguisheim,2024-06-27 13:00:00,There will be rain today,13.49,18.06,18.06,18.09,13.4,14.32,16.17,83,100,1.0,9.27,9.0,1.67
village,Eguisheim,2024-06-28 13:00:00,There will be rain today,12.22,16.59,16.59,16.26,13.03,14.43,13.52,75,99,1.0,3.48,9.0,1.62
town,Gap,2024-06-21 13:00:00,Expect a day of partly cloudy with rain,12.93,20.83,18.83,18.78,12.71,17.94,16.84,77,80,1.0,17.04,7.09,3.68
town,Gap,2024-06-22 13:00:00,Expect a day of partly cloudy with rain,10.86,22.35,21.32,20.89,13.75,19.77,11.46,53,74,0.39,0.11,7.48,3.31
town,Gap,2024-06-23 13:00:00,Expect a day of partly cloudy with rain,10.11,15.57,15.03,14.42,9.47,14.58,11.14,70,79,0.56,0.51,8.72,2.76
town,Gap,2024-06-24 13:00:00,Expect a day of partly cloudy with rain,9.13,23.46,23.46,23.06,13.61,16.27,9.97,46,63,1.0,2.27,9.81,1.96
town,Gap,2024-06-25 13:00:00,Expect a day of partly cloudy with rain,12.38,22.17,22.17,21.96,14.08,17.53,14.84,58,62,1.0,3.33,9.88,2.71
town,Gap,2024-06-26 13:00:00,"You can expect partly cloudy in the morning, with rain in the afternoon",13.21,21.74,21.74,21.59,15.92,18.67,15.08,62,99,1.0,7.98,10.0,2.5
town,Gap,2024-06-27 13:00:00,Expect a day of partly cloudy with rain,9.92,22.68,22.68,22.1,8.88,14.97,15.39,42,66,1.0,7.35,10.0,4.07
town,Gap,2024-06-28 13:00:00,"There will be rain until morning, then partly cloudy",8.4,17.93,16.8,15.89,8.51,13.91,9.85,52,81,0.28,,10.0,3.16
gorge,Gorges du Verdon,2024-06-21 13:00:00,Expect a day of partly cloudy with rain,13.3,20.61,18.24,18.16,12.85,19.14,16.51,78,89,1.0,6.27,7.65,5.23
gorge,Gorges du Verdon,2024-06-22 13:00:00,"The day will start with clear sky through the late morning hours, transitioning to partly cloudy",10.37,22.84,21.33,20.62,12.22,18.83,11.0,42,29,0.0,,7.91,7.25
gorge,Gorges du Verdon,2024-06-23 13:00:00,Expect a day of partly cloudy with rain,9.61,15.89,12.35,11.96,9.67,12.53,8.13,89,99,1.0,15.95,8.44,4.36
gorge,Gorges du Verdon,2024-06-24 13:00:00,"You can expect partly cloudy in the morning, with rain in the afternoon",8.24,19.4,19.38,18.68,12.9,13.34,9.92,50,50,0.79,1.23,8.96,2.33
gorge,Gorges du Verdon,2024-06-25 13:00:00,Expect a day of partly cloudy with rain,10.98,21.25,19.05,18.81,12.46,17.45,13.9,69,61,1.0,3.79,9.32,3.58
gorge,Gorges du Verdon,2024-06-26 13:00:00,Expect a day of partly cloudy with rain,11.82,21.1,21.1,20.78,14.7,17.22,14.53,58,80,1.0,3.6,10.0,3.37
gorge,Gorges du Verdon,2024-06-27 13:00:00,Expect a day of partly cloudy with rain,9.75,22.25,22.25,21.68,7.84,15.53,15.24,44,55,0.74,0.78,10.0,6.78
gorge,Gorges du Verdon,2024-06-28 13:00:00,Expect a day of partly cloudy with clear spells,7.48,17.23,17.23,16.13,5.77,12.54,7.55,43,7,0.0,,10.0,8.18
city,Grenoble,2024-06-21 13:00:00,Expect a day of partly cloudy with rain,16.79,23.71,23.51,23.74,17.06,20.91,20.34,70,47,1.0,32.07,6.96,3.13
city,Grenoble,2024-06-22 13:00:00,"You can expect partly cloudy in the morning, with rain in the afternoon",13.4,21.91,21.91,21.75,15.72,19.95,14.76,61,90,1.0,6.52,7.56,2.44
city,Grenoble,2024-06-23 13:00:00,Expect a day of partly cloudy with rain,13.55,16.68,14.27,14.31,14.51,16.64,13.55,98,100,1.0,11.59,5.1,2.5
city,Grenoble,2024-06-24 13:00:00,Expect a day of partly cloudy with rain,13.39,23.93,23.93,23.89,18.83,22.05,14.14,58,41,0.33,0.12,9.06,2.76
city,Grenoble,2024-06-25 13:00:00,Expect a day of partly cloudy with rain,16.55,23.98,23.98,24.47,17.59,22.63,18.62,78,81,1.0,10.67,8.92,1.45
city,Grenoble,2024-06-26 13:00:00,Expect a day of partly cloudy with rain,15.31,25.0,23.31,23.84,18.75,20.58,18.44,82,81,1.0,22.44,9.0,1.89
city,Grenoble,2024-06-27 13:00:00,Expect a day of partly cloudy with rain,14.04,18.95,17.6,17.5,13.98,16.57,16.68,80,99,1.0,18.96,9.0,2.05
city,Grenoble,2024-06-28 13:00:00,Expect a day of partly cloudy with rain,12.28,19.35,19.35,18.67,12.62,12.98,12.1,51,90,1.0,3.03,9.0,2.96
city,La Rochelle,2024-06-21 14:00:00,Expect a day of partly cloudy with rain,16.71,19.18,18.56,18.77,16.52,17.14,18.68,88,22,0.49,0.18,7.14,8.17
city,La Rochelle,2024-06-22 14:00:00,Expect a day of partly cloudy with rain,15.73,17.19,16.84,16.83,15.58,16.5,16.81,86,100,1.0,6.14,3.68,9.56
city,La Rochelle,2024-06-23 14:00:00,Expect a day of partly cloudy with clear spells,12.87,19.92,18.76,18.34,17.16,18.58,12.79,63,33,0.0,,4.22,5.49
city,La Rochelle,2024-06-24 14:00:00,There will be clear sky today,14.94,23.03,21.81,21.82,19.65,22.99,15.61,68,0,0.0,,8.66,4.26
city,La Rochelle,2024-06-25 14:00:00,Expect a day of partly cloudy with rain,17.16,22.85,22.85,23.15,18.98,20.65,18.07,75,6,0.61,0.88,6.96,6.72
city,La Rochelle,2024-06-26 14:00:00,Expect a day of partly cloudy with rain,16.47,18.28,17.88,17.89,16.08,16.81,17.8,83,100,1.0,0.99,7.0,9.91
city,La Rochelle,2024-06-27 14:00:00,Expect a day of partly cloudy with rain,14.76,17.11,15.98,15.57,14.46,15.93,15.22,74,82,1.0,6.33,7.0,10.71
city,La Rochelle,2024-06-28 14:00:00,"You can expect rain in the morning, with partly cloudy in the afternoon",15.48,17.16,15.7,15.47,16.13,16.94,15.72,82,100,1.0,7.68,7.0,12.31
city,Le Havre,2024-06-21 14:00:00,Expect a day of partly cloudy with clear spells,15.11,17.92,17.3,17.07,15.58,16.94,16.2,76,6,0.0,,7.12,6.25
city,Le Havre,2024-06-22 14:00:00,Expect a day of partly cloudy with rain,13.23,16.05,15.74,15.35,15.16,15.49,15.05,76,38,1.0,4.05,6.67,8.13
city,Le Havre,2024-06-23 14:00:00,There will be clear sky today,15.21,17.46,17.07,16.84,15.35,16.88,15.68,77,6,0.0,,8.31,6.13
city,Le Havre,2024-06-24 14:00:00,"You can expect clear sky in the morning, with partly cloudy in the afternoon",13.84,19.56,19.3,19.11,17.96,19.63,14.73,70,5,0.0,,8.25,5.21
city,Le Havre,2024-06-25 14:00:00,Expect a day of partly cloudy with rain,16.29,20.57,20.57,20.72,18.39,20.17,17.32,78,1,0.23,0.11,7.37,6.06
city,Le Havre,2024-06-26 14:00:00,Expect a day of partly cloudy with rain,15.88,18.87,17.73,18.01,15.85,16.18,18.16,94,100,1.0,6.81,8.0,11.76
city,Le Havre,2024-06-27 14:00:00,Expect a day of partly cloudy with rain,14.35,17.44,17.01,16.72,13.96,16.24,14.25,75,87,0.97,2.19,8.0,10.82
city,Le Havre,2024-06-28 14:00:00,Expect a day of partly cloudy with clear spells,12.4,16.6,15.58,15.2,15.55,16.27,13.02,77,57,0.0,,8.0,5.81
city,Lille,2024-06-21 13:00:00,Expect a day of partly cloudy with rain,13.8,21.73,16.65,16.54,13.51,19.59,14.83,83,100,1.0,2.27,5.11,5.5
city,Lille,2024-06-22 13:00:00,Expect a day of partly cloudy with rain,12.9,17.8,15.5,15.35,13.41,17.17,12.82,86,100,1.0,4.24,5.85,5.03
city,Lille,2024-06-23 13:00:00,Expect a day of partly cloudy with clear spells,11.69,22.21,21.41,21.09,14.78,20.54,12.59,57,26,0.0,,8.07,4.58
city,Lille,2024-06-24 13:00:00,Expect a day of partly cloudy with clear spells,12.86,24.67,23.72,23.56,17.98,23.3,13.51,54,17,0.0,,7.22,3.53
city,Lille,2024-06-25 13:00:00,There will be clear sky today,15.4,26.24,25.61,25.58,19.79,24.84,17.72,52,0,0.0,,7.23,3.56
city,Lille,2024-06-26 13:00:00,Expect a day of partly cloudy with rain,16.31,27.2,27.2,27.42,16.37,18.98,19.99,47,35,1.0,14.61,8.0,5.88
city,Lille,2024-06-27 13:00:00,"There will be rain until morning, then partly cloudy",14.27,21.37,18.51,18.01,14.56,18.44,15.13,61,90,0.85,,8.0,5.33
city,Lille,2024-06-28 13:00:00,Expect a day of partly cloudy with rain,12.23,20.79,20.79,20.41,15.56,18.26,13.78,57,100,0.58,0.72,8.0,3.85
city,Lyon,2024-06-21 13:00:00,Expect a day of partly cloudy with rain,15.84,21.5,20.23,20.37,15.8,20.03,18.09,79,87,1.0,19.1,6.92,4.19
city,Lyon,2024-06-22 13:00:00,Expect a day of partly cloudy with rain,13.99,22.01,19.09,19.12,14.92,18.56,14.68,79,87,1.0,5.62,6.57,4.26
city,Lyon,2024-06-23 13:00:00,Expect a day of partly cloudy with rain,12.88,21.09,17.56,17.38,17.09,19.08,12.68,77,80,1.0,17.12,7.67,8.03
city,Lyon,2024-06-24 13:00:00,Expect a day of partly cloudy with rain,13.63,24.02,22.52,22.42,18.53,22.92,14.17,61,95,0.29,0.46,9.14,4.55
city,Lyon,2024-06-25 13:00:00,Expect a day of partly cloudy with rain,16.0,25.66,25.5,25.59,19.58,23.79,18.13,57,34,1.0,2.8,8.89,3.11
city,Lyon,2024-06-26 13:00:00,Expect a day of partly cloudy with rain,16.64,23.6,23.6,23.97,18.26,20.47,18.49,75,93,1.0,18.45,9.0,2.47
city,Lyon,2024-06-27 13:00:00,Expect a day of partly cloudy with rain,13.36,20.15,20.15,19.58,13.1,16.5,14.47,52,99,1.0,2.97,9.0,3.45
city,Lyon,2024-06-28 13:00:00,Expect a day of partly cloudy with rain,12.41,13.36,12.88,12.52,12.6,12.58,12.69,88,100,1.0,4.26,9.0,1.6
city,Marseille,2024-06-21 13:00:00,Expect a day of partly cloudy with rain,21.11,24.56,22.17,22.35,23.22,23.69,21.44,73,0,1.0,1.66,7.08,8.18
city,Marseille,2024-06-22 13:00:00,"The day will start with clear sky through the late morning hours, transitioning to partly cloudy",19.6,24.99,23.81,23.55,20.0,23.28,19.39,50,11,0.0,,7.84,10.69
city,Marseille,2024-06-23 13:00:00,Expect a day of partly cloudy with rain,18.06,22.35,21.45,21.01,18.07,19.17,18.03,52,17,0.84,1.53,8.62,15.04
city,Marseille,2024-06-24 13:00:00,Expect a day of partly cloudy with clear spells,18.07,22.49,22.16,21.89,20.99,21.63,18.16,56,26,0.29,,8.94,3.64
city,Marseille,2024-06-25 13:00:00,"You can expect partly cloudy in the morning, with clearing in the afternoon",20.5,22.37,22.37,22.33,21.49,22.08,20.5,64,99,0.0,,8.97,3.9
city,Marseille,2024-06-26 13:00:00,"There will be clear sky until morning, then partly cloudy",20.41,22.42,21.84,22.14,21.9,22.19,20.85,79,94,0.0,,9.0,5.89
city,Marseille,2024-06-27 13:00:00,Expect a day of partly cloudy with rain,20.03,22.8,22.8,22.55,20.2,20.91,20.02,54,100,0.2,0.21,9.0,10.99
city,Marseille,2024-06-28 13:00:00,Expect a day of partly cloudy with clear spells,16.76,22.23,21.65,21.12,18.87,21.06,15.98,48,14,0.0,,9.0,12.26
town,Montauban,2024-06-21 13:00:00,Expect a day of partly cloudy with rain,14.53,21.07,17.74,17.66,15.67,20.85,14.87,80,100,1.0,2.52,6.04,5.43
town,Montauban,2024-06-22 13:00:00,Expect a day of partly cloudy with rain,11.86,19.39,16.52,16.45,14.84,15.73,12.02,85,100,1.0,1.14,4.92,5.81
town,Montauban,2024-06-23 13:00:00,Expect a day of partly cloudy with rain,13.3,22.16,20.15,19.79,15.67,21.71,13.22,60,14,0.73,0.28,5.55,6.02
town,Montauban,2024-06-24 13:00:00,There will be clear sky today,12.21,24.83,22.85,22.71,19.49,24.65,12.18,58,0,0.0,,9.17,3.3
town,Montauban,2024-06-25 13:00:00,Expect a day of partly cloudy with clear spells,16.22,27.57,26.44,26.44,21.35,28.15,17.91,55,0,0.23,,8.88,3.6
town,Montauban,2024-06-26 13:00:00,"There will be partly cloudy until morning, then rain",14.64,19.62,18.53,18.81,14.54,19.7,18.71,91,100,1.0,9.71,9.0,5.35
town,Montauban,2024-06-27 13:00:00,Expect a day of partly cloudy with rain,11.09,19.88,16.4,16.11,13.65,16.29,12.82,77,94,1.0,2.76,9.0,5.79
town,Montauban,2024-06-28 13:00:00,Expect a day of partly cloudy with rain,10.94,19.8,19.2,18.79,12.94,16.82,12.48,62,33,0.2,0.84,9.0,8.37
city,Paris,2024-06-21 13:00:00,Expect a day of partly cloudy with rain,16.23,20.71,17.26,17.37,16.65,20.5,16.45,89,100,1.0,16.78,3.58,3.18
city,Paris,2024-06-22 13:00:00,Expect a day of partly cloudy with rain,12.85,18.81,17.79,17.66,13.7,17.49,12.65,78,90,1.0,8.31,5.68,4.59
city,Paris,2024-06-23 13:00:00,"You can expect clear sky in the morning, with partly cloudy in the afternoon",11.52,23.33,22.09,21.69,17.63,21.13,11.73,51,5,0.0,,8.47,3.98
city,Paris,2024-06-24 13:00:00,Expect a day of partly cloudy with clear spells,14.25,26.2,25.26,25.07,20.72,24.4,14.59,47,8,0.0,,8.51,3.85
city,Paris,2024-06-25 13:00:00,Expect a day of partly cloudy with clear spells,17.44,28.4,27.67,27.51,22.56,26.12,19.03,42,0,0.0,,8.06,3.79
city,Paris,2024-06-26 13:00:00,Expect a day of partly cloudy with rain,17.91,24.49,22.3,22.75,17.79,21.19,20.52,83,64,1.0,5.22,9.0,6.38
city,Paris,2024-06-27 13:00:00,Expect a day of partly cloudy with rain,14.42,19.09,19.09,18.36,14.27,17.51,14.26,50,77,1.0,2.64,9.0,5.42
city,Paris,2024-06-28 13:00:00,Expect a day of partly cloudy with rain,11.36,19.86,18.13,17.62,16.27,19.09,11.86,62,100,0.86,0.36,9.0,2.65
city,Rouen,2024-06-21 13:00:00,Expect a day of partly cloudy with rain,14.39,22.03,19.22,19.08,14.23,19.84,15.57,72,100,0.6,0.2,6.25,5.52
city,Rouen,2024-06-22 13:00:00,Expect a day of partly cloudy with rain,11.99,18.65,18.17,17.74,11.67,16.78,12.46,65,77,1.0,4.36,6.32,7.15
city,Rouen,2024-06-23 13:00:00,Expect a day of partly cloudy with clear spells,10.96,22.06,21.5,21.35,13.3,20.26,12.48,63,19,0.0,,8.38,4.43
city,Rouen,2024-06-24 13:00:00,"You can expect clear sky in the morning, with partly cloudy in the afternoon",12.17,23.9,23.05,23.06,16.92,22.12,12.77,63,7,0.0,,8.38,3.04
city,Rouen,2024-06-25 13:00:00,Expect a day of partly cloudy with rain,15.08,25.87,25.12,25.31,18.63,22.38,17.83,62,0,0.2,0.2,7.8,3.67
city,Rouen,2024-06-26 13:00:00,Expect a day of partly cloudy with rain,15.96,22.49,19.67,20.12,15.83,17.57,19.35,93,77,1.0,5.73,8.0,7.06
city,Rouen,2024-06-27 13:00:00,"You can expect partly cloudy in the morning, with rain in the afternoon",12.71,18.22,18.22,17.77,12.49,16.69,13.6,64,81,1.0,3.63,8.0,5.98
city,Rouen,2024-06-28 13:00:00,Expect a day of partly cloudy with rain,9.86,19.18,19.18,18.75,12.94,17.89,11.91,61,88,0.74,0.15,8.0,3.55
city,Strasbourg,2024-06-21 13:00:00,"There will be partly cloudy until morning, then rain",15.84,21.58,19.28,19.64,15.96,18.94,18.39,91,90,1.0,33.53,6.66,5.38
city,Strasbourg,2024-06-22 13:00:00,Expect a day of partly cloudy with rain,13.14,16.5,14.36,14.25,12.96,16.23,14.95,92,100,1.0,9.41,2.03,3.99
city,Strasbourg,2024-06-23 13:00:00,Expect a day of partly cloudy with rain,11.56,21.69,20.46,20.26,15.57,20.44,12.35,65,23,0.63,0.33,7.97,5.11
city,Strasbourg,2024-06-24 13:00:00,Expect a day of partly cloudy with rain,13.88,24.29,23.77,23.9,18.04,22.05,14.59,65,15,0.2,0.3,8.6,6.43
city,Strasbourg,2024-06-25 13:00:00,Expect a day of partly cloudy with rain,14.95,24.26,24.26,24.39,19.83,22.06,16.72,63,79,1.0,1.93,7.99,4.62
city,Strasbourg,2024-06-26 13:00:00,"You can expect partly cloudy in the morning, with rain in the afternoon",17.55,24.76,24.76,25.04,18.56,20.41,18.41,67,91,1.0,11.01,8.0,3.14
city,Strasbourg,2024-06-27 13:00:00,"You can expect rain in the morning, with partly cloudy in the afternoon",14.46,17.35,17.35,17.31,14.36,15.33,16.51,83,100,1.0,6.48,8.0,3.5
city,Strasbourg,2024-06-28 13:00:00,Expect a day of partly cloudy with rain,12.65,17.82,17.82,17.35,12.86,15.01,13.81,65,100,0.61,1.59,8.0,2.64
city,Toulouse,2024-06-21 13:00:00,Expect a day of partly cloudy with rain,14.53,20.88,18.45,18.44,16.12,20.73,15.17,80,96,1.0,3.16,7.11,7.44
city,Toulouse,2024-06-22 13:00:00,Expect a day of partly cloudy with rain,12.54,21.04,19.2,18.95,15.51,17.25,12.54,68,85,0.73,0.84,4.28,6.18
city,Toulouse,2024-06-23 13:00:00,Expect a day of partly cloudy with rain,14.65,22.56,20.96,20.57,16.14,21.34,14.69,56,57,1.0,1.43,6.28,6.24
city,Toulouse,2024-06-24 13:00:00,There will be clear sky today,13.19,25.36,23.92,23.65,19.47,24.34,13.02,49,0,0.0,,9.14,2.9
city,Toulouse,2024-06-25 13:00:00,Expect a day of partly cloudy with clear spells,16.08,28.38,27.08,27.37,21.16,27.52,17.64,48,4,0.0,,8.95,5.6
city,Toulouse,2024-06-26 13:00:00,Expect a day of partly cloudy with rain,16.48,18.86,16.64,16.87,16.4,18.57,18.78,96,100,1.0,13.86,9.0,6.44
city,Toulouse,2024-06-27 13:00:00,Expect a day of partly cloudy with rain,11.82,18.07,15.92,15.68,13.25,16.64,13.38,81,100,1.0,5.7,9.0,5.83
city,Toulouse,2024-06-28 13:00:00,Expect a day of partly cloudy with rain,11.47,19.69,19.37,18.93,13.97,17.3,12.24,60,53,0.89,1.2,9.0,7.84
